id,label,expiration_date,value,state,user,userid
0001-KEWEL,0001-KEWEL,2023-08-31,20,0,Partageons l'Espoir,GQz5FdUDFedRGwPAyyxep8
0002-VRJQV,0002-VRJQV,2023-08-31,20,0,Partageons l'Espoir,GQz5FdUDFedRGwPAyyxep8
0003-CIANO,0003-CIANO,2023-08-31,20,0,Partageons l'Espoir,GQz5FdUDFedRGwPAyyxep8
0004-TCXHA,0004-TCXHA,2023-08-31,20,0,Partageons l'Espoir,GQz5FdUDFedRGwPAyyxep8
0005-DZQLR,0005-DZQLR,2023-08-31,20,0,Partageons l'Espoir,GQz5FdUDFedRGwPAyyxep8
0006-IOESC,0006-IOESC,2023-08-31,20,0,Partageons l'Espoir,GQz5FdUDFedRGwPAyyxep8
0007-NJKEK,0007-NJKEK,2023-08-31,20,0,Partageons l'Espoir,GQz5FdUDFedRGwPAyyxep8
0008-JYEDO,0008-JYEDO,2023-08-31,20,0,Partageons l'Espoir,GQz5FdUDFedRGwPAyyxep8
0009-OMFPQ,0009-OMFPQ,2023-08-31,20,0,Partageons l'Espoir,GQz5FdUDFedRGwPAyyxep8
0010-SRLOB,0010-SRLOB,2023-08-31,20,0,Partageons l'Espoir,GQz5FdUDFedRGwPAyyxep8
0011-DWGGI,0011-DWGGI,2023-08-31,20,0,Partageons l'Espoir,GQz5FdUDFedRGwPAyyxep8
0012-XUBAG,0012-XUBAG,2023-08-31,20,0,Partageons l'Espoir,GQz5FdUDFedRGwPAyyxep8
0013-NGZGS,0013-NGZGS,2023-08-31,20,0,Partageons l'Espoir,GQz5FdUDFedRGwPAyyxep8
0014-VXOKY,0014-VXOKY,2023-08-31,20,0,Partageons l'Espoir,GQz5FdUDFedRGwPAyyxep8
0015-KTHAG,0015-KTHAG,2023-08-31,20,0,Partageons l'Espoir,GQz5FdUDFedRGwPAyyxep8
0016-PINQC,0016-PINQC,2023-08-31,20,0,Partageons l'Espoir,GQz5FdUDFedRGwPAyyxep8
0017-LVHLL,0017-LVHLL,2023-08-31,20,0,Partageons l'Espoir,GQz5FdUDFedRGwPAyyxep8
0018-BZKMP,0018-BZKMP,2023-08-31,20,0,Partageons l'Espoir,GQz5FdUDFedRGwPAyyxep8
0019-OVBUZ,0019-OVBUZ,2023-08-31,20,0,Partageons l'Espoir,GQz5FdUDFedRGwPAyyxep8
0020-EXJCR,0020-EXJCR,2023-08-31,20,0,Partageons l'Espoir,GQz5FdUDFedRGwPAyyxep8
0021-NLZUD,0021-NLZUD,2023-08-31,20,0,Partageons l'Espoir,GQz5FdUDFedRGwPAyyxep8
0022-OHWIP,0022-OHWIP,2023-08-31,20,0,Partageons l'Espoir,GQz5FdUDFedRGwPAyyxep8
0023-MZPNC,0023-MZPNC,2023-08-31,20,0,Partageons l'Espoir,GQz5FdUDFedRGwPAyyxep8
0024-ZTJJF,0024-ZTJJF,2023-08-31,20,0,Partageons l'Espoir,GQz5FdUDFedRGwPAyyxep8
0025-TNTTN,0025-TNTTN,2023-08-31,20,0,Partageons l'Espoir,GQz5FdUDFedRGwPAyyxep8
0026-CYNDM,0026-CYNDM,2023-08-31,20,0,Partageons l'Espoir,GQz5FdUDFedRGwPAyyxep8
0027-RRFYH,0027-RRFYH,2023-08-31,20,0,Partageons l'Espoir,GQz5FdUDFedRGwPAyyxep8
0028-IZOMF,0028-IZOMF,2023-08-31,20,0,Partageons l'Espoir,GQz5FdUDFedRGwPAyyxep8
0029-CQCBA,0029-CQCBA,2023-08-31,20,0,Partageons l'Espoir,GQz5FdUDFedRGwPAyyxep8
0030-NAUHM,0030-NAUHM,2023-08-31,20,0,Partageons l'Espoir,GQz5FdUDFedRGwPAyyxep8
0031-QLUSB,0031-QLUSB,2023-08-31,20,0,Partageons l'Espoir,GQz5FdUDFedRGwPAyyxep8
0032-FXEJO,0032-FXEJO,2023-08-31,20,0,Partageons l'Espoir,GQz5FdUDFedRGwPAyyxep8
0033-ECBTS,0033-ECBTS,2023-08-31,20,0,Partageons l'Espoir,GQz5FdUDFedRGwPAyyxep8
0034-YUQNV,0034-YUQNV,2023-08-31,20,0,Partageons l'Espoir,GQz5FdUDFedRGwPAyyxep8
0035-IIUFW,0035-IIUFW,2023-08-31,20,0,Partageons l'Espoir,GQz5FdUDFedRGwPAyyxep8
0036-LJKCG,0036-LJKCG,2023-08-31,20,0,Partageons l'Espoir,GQz5FdUDFedRGwPAyyxep8
0037-MEOZF,0037-MEOZF,2023-08-31,20,0,Partageons l'Espoir,GQz5FdUDFedRGwPAyyxep8
0038-UWMGT,0038-UWMGT,2023-08-31,20,0,Partageons l'Espoir,GQz5FdUDFedRGwPAyyxep8
0039-XBYJP,0039-XBYJP,2023-08-31,20,0,Partageons l'Espoir,GQz5FdUDFedRGwPAyyxep8
0040-NGHXE,0040-NGHXE,2023-08-31,20,0,Partageons l'Espoir,GQz5FdUDFedRGwPAyyxep8
0041-PCRUY,0041-PCRUY,2023-08-31,20,0,Partageons l'Espoir,GQz5FdUDFedRGwPAyyxep8
0042-WUIZG,0042-WUIZG,2023-08-31,20,0,Partageons l'Espoir,GQz5FdUDFedRGwPAyyxep8
0043-VOXVC,0043-VOXVC,2023-08-31,20,0,Partageons l'Espoir,GQz5FdUDFedRGwPAyyxep8
0044-ISUDE,0044-ISUDE,2023-08-31,20,0,Partageons l'Espoir,GQz5FdUDFedRGwPAyyxep8
0045-DBLXV,0045-DBLXV,2023-08-31,20,0,Partageons l'Espoir,GQz5FdUDFedRGwPAyyxep8
0046-QOKDI,0046-QOKDI,2023-08-31,20,0,Partageons l'Espoir,GQz5FdUDFedRGwPAyyxep8
0047-ZATWT,0047-ZATWT,2023-08-31,20,0,Partageons l'Espoir,GQz5FdUDFedRGwPAyyxep8
0048-CBZDD,0048-CBZDD,2023-08-31,20,0,Partageons l'Espoir,GQz5FdUDFedRGwPAyyxep8
0049-NJSPM,0049-NJSPM,2023-08-31,20,0,Partageons l'Espoir,GQz5FdUDFedRGwPAyyxep8
0050-QBOQR,0050-QBOQR,2023-08-31,20,0,Partageons l'Espoir,GQz5FdUDFedRGwPAyyxep8
0051-WXEKC,0051-WXEKC,2023-08-31,20,0,Partageons l'Espoir,GQz5FdUDFedRGwPAyyxep8
0052-DHQVT,0052-DHQVT,2023-08-31,20,0,Partageons l'Espoir,GQz5FdUDFedRGwPAyyxep8
0053-AAIRG,0053-AAIRG,2023-08-31,20,0,Partageons l'Espoir,GQz5FdUDFedRGwPAyyxep8
0054-TVCUY,0054-TVCUY,2023-08-31,20,0,Partageons l'Espoir,GQz5FdUDFedRGwPAyyxep8
0055-DEIMC,0055-DEIMC,2023-08-31,20,0,Partageons l'Espoir,GQz5FdUDFedRGwPAyyxep8
0056-VSLJC,0056-VSLJC,2023-08-31,20,0,Partageons l'Espoir,GQz5FdUDFedRGwPAyyxep8
0057-XCDPA,0057-XCDPA,2023-08-31,20,0,Partageons l'Espoir,GQz5FdUDFedRGwPAyyxep8
0058-PCEDH,0058-PCEDH,2023-08-31,20,0,Partageons l'Espoir,GQz5FdUDFedRGwPAyyxep8
0059-EOUVU,0059-EOUVU,2023-08-31,20,0,Partageons l'Espoir,GQz5FdUDFedRGwPAyyxep8
0060-YFLQT,0060-YFLQT,2023-08-31,20,0,Partageons l'Espoir,GQz5FdUDFedRGwPAyyxep8
0061-HUAUU,0061-HUAUU,2023-08-31,20,0,Partageons l'Espoir,GQz5FdUDFedRGwPAyyxep8
0062-UBXNX,0062-UBXNX,2023-08-31,20,0,Partageons l'Espoir,GQz5FdUDFedRGwPAyyxep8
0063-YSMKQ,0063-YSMKQ,2023-08-31,20,0,Partageons l'Espoir,GQz5FdUDFedRGwPAyyxep8
0064-QQPFS,0064-QQPFS,2023-08-31,20,0,Partageons l'Espoir,GQz5FdUDFedRGwPAyyxep8
0065-CJDYZ,0065-CJDYZ,2023-08-31,20,0,Partageons l'Espoir,GQz5FdUDFedRGwPAyyxep8
0066-VMMFM,0066-VMMFM,2023-08-31,20,0,Partageons l'Espoir,GQz5FdUDFedRGwPAyyxep8
0067-FHBQQ,0067-FHBQQ,2023-08-31,20,0,Partageons l'Espoir,GQz5FdUDFedRGwPAyyxep8
0068-AGRWL,0068-AGRWL,2023-08-31,20,0,Partageons l'Espoir,GQz5FdUDFedRGwPAyyxep8
0069-ZXWEF,0069-ZXWEF,2023-08-31,20,0,Partageons l'Espoir,GQz5FdUDFedRGwPAyyxep8
0070-CCFWJ,0070-CCFWJ,2023-08-31,20,0,Partageons l'Espoir,GQz5FdUDFedRGwPAyyxep8
0071-HGDTL,0071-HGDTL,2023-08-31,20,0,Partageons l'Espoir,GQz5FdUDFedRGwPAyyxep8
0072-CNKJN,0072-CNKJN,2023-08-31,20,0,Partageons l'Espoir,GQz5FdUDFedRGwPAyyxep8
0073-QTOMN,0073-QTOMN,2023-08-31,20,0,Partageons l'Espoir,GQz5FdUDFedRGwPAyyxep8
0074-SNMWW,0074-SNMWW,2023-08-31,20,0,Partageons l'Espoir,GQz5FdUDFedRGwPAyyxep8
0075-UIOUW,0075-UIOUW,2023-08-31,20,0,Partageons l'Espoir,GQz5FdUDFedRGwPAyyxep8
0076-MOXFZ,0076-MOXFZ,2023-08-31,20,0,Partageons l'Espoir,GQz5FdUDFedRGwPAyyxep8
0077-CJFIW,0077-CJFIW,2023-08-31,20,0,Partageons l'Espoir,GQz5FdUDFedRGwPAyyxep8
0078-RDTZL,0078-RDTZL,2023-08-31,20,0,Partageons l'Espoir,GQz5FdUDFedRGwPAyyxep8
0079-SKCWB,0079-SKCWB,2023-08-31,20,0,Partageons l'Espoir,GQz5FdUDFedRGwPAyyxep8
0080-WGVUG,0080-WGVUG,2023-08-31,20,0,Partageons l'Espoir,GQz5FdUDFedRGwPAyyxep8
0081-KCVYE,0081-KCVYE,2023-08-31,20,0,Partageons l'Espoir,GQz5FdUDFedRGwPAyyxep8
0082-GVFAG,0082-GVFAG,2023-08-31,20,0,Partageons l'Espoir,GQz5FdUDFedRGwPAyyxep8
0083-KDFVG,0083-KDFVG,2023-08-31,20,0,Partageons l'Espoir,GQz5FdUDFedRGwPAyyxep8
0084-IRHZA,0084-IRHZA,2023-08-31,20,0,Partageons l'Espoir,GQz5FdUDFedRGwPAyyxep8
0085-NKRYL,0085-NKRYL,2023-08-31,20,0,Partageons l'Espoir,GQz5FdUDFedRGwPAyyxep8
0086-VAJQT,0086-VAJQT,2023-08-31,20,0,Partageons l'Espoir,GQz5FdUDFedRGwPAyyxep8
0087-OHLWM,0087-OHLWM,2023-08-31,20,0,Partageons l'Espoir,GQz5FdUDFedRGwPAyyxep8
0088-SCOPE,0088-SCOPE,2023-08-31,20,0,Partageons l'Espoir,GQz5FdUDFedRGwPAyyxep8
0089-IWCOI,0089-IWCOI,2023-08-31,20,0,Partageons l'Espoir,GQz5FdUDFedRGwPAyyxep8
0090-KBNLM,0090-KBNLM,2023-08-31,20,0,Partageons l'Espoir,GQz5FdUDFedRGwPAyyxep8
0091-NFOJK,0091-NFOJK,2023-08-31,20,0,Partageons l'Espoir,GQz5FdUDFedRGwPAyyxep8
0092-EOXAS,0092-EOXAS,2023-08-31,20,0,Partageons l'Espoir,GQz5FdUDFedRGwPAyyxep8
0093-SYVBQ,0093-SYVBQ,2023-08-31,20,0,Partageons l'Espoir,GQz5FdUDFedRGwPAyyxep8
0094-WSCSL,0094-WSCSL,2023-08-31,20,0,Partageons l'Espoir,GQz5FdUDFedRGwPAyyxep8
0095-GMMLA,0095-GMMLA,2023-08-31,20,0,Partageons l'Espoir,GQz5FdUDFedRGwPAyyxep8
0096-CFYBN,0096-CFYBN,2023-08-31,20,0,Partageons l'Espoir,GQz5FdUDFedRGwPAyyxep8
0097-KNKMT,0097-KNKMT,2023-08-31,20,0,Partageons l'Espoir,GQz5FdUDFedRGwPAyyxep8
0098-DGDIX,0098-DGDIX,2023-08-31,20,0,Partageons l'Espoir,GQz5FdUDFedRGwPAyyxep8
0099-DZXTU,0099-DZXTU,2023-08-31,20,0,Partageons l'Espoir,GQz5FdUDFedRGwPAyyxep8
0100-WERSM,0100-WERSM,2023-08-31,20,0,Partageons l'Espoir,GQz5FdUDFedRGwPAyyxep8
0101-ROBSZ,0101-ROBSZ,2023-08-31,20,0,Partageons l'Espoir,GQz5FdUDFedRGwPAyyxep8
0102-VODFO,0102-VODFO,2023-08-31,20,0,Partageons l'Espoir,GQz5FdUDFedRGwPAyyxep8
0103-WYYPO,0103-WYYPO,2023-08-31,20,0,Partageons l'Espoir,GQz5FdUDFedRGwPAyyxep8
0104-JEREF,0104-JEREF,2023-08-31,20,0,Partageons l'Espoir,GQz5FdUDFedRGwPAyyxep8
0105-EIRDQ,0105-EIRDQ,2023-08-31,20,0,Partageons l'Espoir,GQz5FdUDFedRGwPAyyxep8
0106-DYHEB,0106-DYHEB,2023-08-31,20,0,Partageons l'Espoir,GQz5FdUDFedRGwPAyyxep8
0107-MRUMQ,0107-MRUMQ,2023-08-31,20,0,Partageons l'Espoir,GQz5FdUDFedRGwPAyyxep8
0108-FGGUA,0108-FGGUA,2023-08-31,20,0,Partageons l'Espoir,GQz5FdUDFedRGwPAyyxep8
0109-FZMXW,0109-FZMXW,2023-08-31,20,0,Partageons l'Espoir,GQz5FdUDFedRGwPAyyxep8
0110-TKOIT,0110-TKOIT,2023-08-31,20,0,Partageons l'Espoir,GQz5FdUDFedRGwPAyyxep8
0111-SGYLO,0111-SGYLO,2023-08-31,20,0,Partageons l'Espoir,GQz5FdUDFedRGwPAyyxep8
0112-YWTHR,0112-YWTHR,2023-08-31,20,0,Partageons l'Espoir,GQz5FdUDFedRGwPAyyxep8
0113-WUIBQ,0113-WUIBQ,2023-08-31,20,0,Partageons l'Espoir,GQz5FdUDFedRGwPAyyxep8
0114-BQZVA,0114-BQZVA,2023-08-31,20,0,Partageons l'Espoir,GQz5FdUDFedRGwPAyyxep8
0115-IPAMS,0115-IPAMS,2023-08-31,20,0,Partageons l'Espoir,GQz5FdUDFedRGwPAyyxep8
0116-QFWUA,0116-QFWUA,2023-08-31,20,0,Partageons l'Espoir,GQz5FdUDFedRGwPAyyxep8
0117-ILWNJ,0117-ILWNJ,2023-08-31,20,0,Partageons l'Espoir,GQz5FdUDFedRGwPAyyxep8
0118-TMUUX,0118-TMUUX,2023-08-31,20,0,Partageons l'Espoir,GQz5FdUDFedRGwPAyyxep8
0119-KZZMU,0119-KZZMU,2023-08-31,20,0,Partageons l'Espoir,GQz5FdUDFedRGwPAyyxep8
0120-SKDJR,0120-SKDJR,2023-08-31,20,0,Partageons l'Espoir,GQz5FdUDFedRGwPAyyxep8
0121-TTXHO,0121-TTXHO,2023-08-31,20,0,Partageons l'Espoir,GQz5FdUDFedRGwPAyyxep8
0122-TJRPQ,0122-TJRPQ,2023-08-31,20,0,Partageons l'Espoir,GQz5FdUDFedRGwPAyyxep8
0123-MMMON,0123-MMMON,2023-08-31,20,0,Partageons l'Espoir,GQz5FdUDFedRGwPAyyxep8
0124-BVZKW,0124-BVZKW,2023-08-31,20,0,Partageons l'Espoir,GQz5FdUDFedRGwPAyyxep8
0125-SXSRJ,0125-SXSRJ,2023-08-31,20,0,Partageons l'Espoir,GQz5FdUDFedRGwPAyyxep8
0126-IUIAW,0126-IUIAW,2023-08-31,20,0,Partageons l'Espoir,GQz5FdUDFedRGwPAyyxep8
0127-IQPOF,0127-IQPOF,2023-08-31,20,0,Partageons l'Espoir,GQz5FdUDFedRGwPAyyxep8
0128-WRKUK,0128-WRKUK,2023-08-31,20,0,Partageons l'Espoir,GQz5FdUDFedRGwPAyyxep8
0129-PAJYU,0129-PAJYU,2023-08-31,20,0,Partageons l'Espoir,GQz5FdUDFedRGwPAyyxep8
0130-ZGYRG,0130-ZGYRG,2023-08-31,20,0,Partageons l'Espoir,GQz5FdUDFedRGwPAyyxep8
0131-ISNUK,0131-ISNUK,2023-08-31,20,0,Partageons l'Espoir,GQz5FdUDFedRGwPAyyxep8
0132-OOHMQ,0132-OOHMQ,2023-08-31,20,0,Partageons l'Espoir,GQz5FdUDFedRGwPAyyxep8
0133-ZJXYZ,0133-ZJXYZ,2023-08-31,20,0,Partageons l'Espoir,GQz5FdUDFedRGwPAyyxep8
0134-AZOZW,0134-AZOZW,2023-08-31,20,0,Partageons l'Espoir,GQz5FdUDFedRGwPAyyxep8
0135-IJTCF,0135-IJTCF,2023-08-31,20,0,Partageons l'Espoir,GQz5FdUDFedRGwPAyyxep8
0136-XFOVG,0136-XFOVG,2023-08-31,20,0,Partageons l'Espoir,GQz5FdUDFedRGwPAyyxep8
0137-MZSND,0137-MZSND,2023-08-31,20,0,Partageons l'Espoir,GQz5FdUDFedRGwPAyyxep8
0138-TJNJJ,0138-TJNJJ,2023-08-31,20,0,Partageons l'Espoir,GQz5FdUDFedRGwPAyyxep8
0139-WYESC,0139-WYESC,2023-08-31,20,0,Partageons l'Espoir,GQz5FdUDFedRGwPAyyxep8
0140-GBYPC,0140-GBYPC,2023-08-31,20,0,Partageons l'Espoir,GQz5FdUDFedRGwPAyyxep8
0141-GJDIJ,0141-GJDIJ,2023-08-31,20,0,Partageons l'Espoir,GQz5FdUDFedRGwPAyyxep8
0142-DBPFG,0142-DBPFG,2023-08-31,20,0,Partageons l'Espoir,GQz5FdUDFedRGwPAyyxep8
0143-KHHYN,0143-KHHYN,2023-08-31,20,0,Partageons l'Espoir,GQz5FdUDFedRGwPAyyxep8
0144-OFIYE,0144-OFIYE,2023-08-31,20,0,Partageons l'Espoir,GQz5FdUDFedRGwPAyyxep8
0145-LZAJN,0145-LZAJN,2023-08-31,20,0,Partageons l'Espoir,GQz5FdUDFedRGwPAyyxep8
0146-MHMRK,0146-MHMRK,2023-08-31,20,0,Partageons l'Espoir,GQz5FdUDFedRGwPAyyxep8
0147-PKIUU,0147-PKIUU,2023-08-31,20,0,Partageons l'Espoir,GQz5FdUDFedRGwPAyyxep8
0148-LQMMV,0148-LQMMV,2023-08-31,20,0,Partageons l'Espoir,GQz5FdUDFedRGwPAyyxep8
0149-HMCWB,0149-HMCWB,2023-08-31,20,0,Partageons l'Espoir,GQz5FdUDFedRGwPAyyxep8
0150-IMHZP,0150-IMHZP,2023-08-31,20,0,Partageons l'Espoir,GQz5FdUDFedRGwPAyyxep8
0151-DKFFJ,0151-DKFFJ,2023-08-31,20,0,Partageons l'Espoir,GQz5FdUDFedRGwPAyyxep8
0152-XINBN,0152-XINBN,2023-08-31,20,0,Partageons l'Espoir,GQz5FdUDFedRGwPAyyxep8
0153-CEOAL,0153-CEOAL,2023-08-31,20,0,Partageons l'Espoir,GQz5FdUDFedRGwPAyyxep8
0154-PPQVG,0154-PPQVG,2023-08-31,20,0,Partageons l'Espoir,GQz5FdUDFedRGwPAyyxep8
0155-OSUQS,0155-OSUQS,2023-08-31,20,0,Partageons l'Espoir,GQz5FdUDFedRGwPAyyxep8
0156-KKQPQ,0156-KKQPQ,2023-08-31,20,0,Partageons l'Espoir,GQz5FdUDFedRGwPAyyxep8
0157-VGYPB,0157-VGYPB,2023-08-31,20,0,Partageons l'Espoir,GQz5FdUDFedRGwPAyyxep8
0158-YVLSJ,0158-YVLSJ,2023-08-31,20,0,Partageons l'Espoir,GQz5FdUDFedRGwPAyyxep8
0159-BMAYG,0159-BMAYG,2023-08-31,20,0,Partageons l'Espoir,GQz5FdUDFedRGwPAyyxep8
0160-TYFAN,0160-TYFAN,2023-08-31,20,0,Partageons l'Espoir,GQz5FdUDFedRGwPAyyxep8
0161-HYCKR,0161-HYCKR,2023-08-31,20,0,Partageons l'Espoir,GQz5FdUDFedRGwPAyyxep8
0162-KQKRI,0162-KQKRI,2023-08-31,20,0,Partageons l'Espoir,GQz5FdUDFedRGwPAyyxep8
0163-GEIJO,0163-GEIJO,2023-08-31,20,0,Partageons l'Espoir,GQz5FdUDFedRGwPAyyxep8
0164-SJYDX,0164-SJYDX,2023-08-31,20,0,Partageons l'Espoir,GQz5FdUDFedRGwPAyyxep8
0165-OCDWV,0165-OCDWV,2023-08-31,20,0,Partageons l'Espoir,GQz5FdUDFedRGwPAyyxep8
0166-QFIPY,0166-QFIPY,2023-08-31,20,0,Partageons l'Espoir,GQz5FdUDFedRGwPAyyxep8
0167-DTFQE,0167-DTFQE,2023-08-31,20,0,Partageons l'Espoir,GQz5FdUDFedRGwPAyyxep8
0168-NMERI,0168-NMERI,2023-08-31,20,0,Partageons l'Espoir,GQz5FdUDFedRGwPAyyxep8
0169-KEGJN,0169-KEGJN,2023-08-31,20,0,Partageons l'Espoir,GQz5FdUDFedRGwPAyyxep8
0170-LQIVU,0170-LQIVU,2023-08-31,20,0,Partageons l'Espoir,GQz5FdUDFedRGwPAyyxep8
0171-CRTHO,0171-CRTHO,2023-08-31,20,0,Partageons l'Espoir,GQz5FdUDFedRGwPAyyxep8
0172-YHWDL,0172-YHWDL,2023-08-31,20,0,Partageons l'Espoir,GQz5FdUDFedRGwPAyyxep8
0173-NVGPV,0173-NVGPV,2023-08-31,20,0,Partageons l'Espoir,GQz5FdUDFedRGwPAyyxep8
0174-VSYYG,0174-VSYYG,2023-08-31,20,0,Partageons l'Espoir,GQz5FdUDFedRGwPAyyxep8
0175-FHDJK,0175-FHDJK,2023-08-31,20,0,Partageons l'Espoir,GQz5FdUDFedRGwPAyyxep8
0176-JCHJJ,0176-JCHJJ,2023-08-31,20,0,Partageons l'Espoir,GQz5FdUDFedRGwPAyyxep8
0177-YJMAG,0177-YJMAG,2023-08-31,20,0,Partageons l'Espoir,GQz5FdUDFedRGwPAyyxep8
0178-ZMDXI,0178-ZMDXI,2023-08-31,20,0,Partageons l'Espoir,GQz5FdUDFedRGwPAyyxep8
0179-OBZOZ,0179-OBZOZ,2023-08-31,20,0,Partageons l'Espoir,GQz5FdUDFedRGwPAyyxep8
0180-BNUUD,0180-BNUUD,2023-08-31,20,0,Partageons l'Espoir,GQz5FdUDFedRGwPAyyxep8
0181-KXTVF,0181-KXTVF,2023-08-31,20,0,Partageons l'Espoir,GQz5FdUDFedRGwPAyyxep8
0182-LDWHG,0182-LDWHG,2023-08-31,20,0,Partageons l'Espoir,GQz5FdUDFedRGwPAyyxep8
0183-LEMAI,0183-LEMAI,2023-08-31,20,0,Partageons l'Espoir,GQz5FdUDFedRGwPAyyxep8
0184-PEWIX,0184-PEWIX,2023-08-31,20,0,Partageons l'Espoir,GQz5FdUDFedRGwPAyyxep8
0185-IJEDA,0185-IJEDA,2023-08-31,20,0,Partageons l'Espoir,GQz5FdUDFedRGwPAyyxep8
0186-OEACA,0186-OEACA,2023-08-31,20,0,Partageons l'Espoir,GQz5FdUDFedRGwPAyyxep8
0187-BQINN,0187-BQINN,2023-08-31,20,0,Partageons l'Espoir,GQz5FdUDFedRGwPAyyxep8
0188-EDQLX,0188-EDQLX,2023-08-31,20,0,Partageons l'Espoir,GQz5FdUDFedRGwPAyyxep8
0189-DZUVG,0189-DZUVG,2023-08-31,20,0,Partageons l'Espoir,GQz5FdUDFedRGwPAyyxep8
0190-CNOMY,0190-CNOMY,2023-08-31,20,0,Partageons l'Espoir,GQz5FdUDFedRGwPAyyxep8
0191-QIRRI,0191-QIRRI,2023-08-31,20,0,Partageons l'Espoir,GQz5FdUDFedRGwPAyyxep8
0192-FBYHS,0192-FBYHS,2023-08-31,20,0,Partageons l'Espoir,GQz5FdUDFedRGwPAyyxep8
0193-SGBZN,0193-SGBZN,2023-08-31,20,0,Partageons l'Espoir,GQz5FdUDFedRGwPAyyxep8
0194-XVYVN,0194-XVYVN,2023-08-31,20,0,Partageons l'Espoir,GQz5FdUDFedRGwPAyyxep8
0195-LUSRM,0195-LUSRM,2023-08-31,20,0,Partageons l'Espoir,GQz5FdUDFedRGwPAyyxep8
0196-PIQYN,0196-PIQYN,2023-08-31,20,0,Partageons l'Espoir,GQz5FdUDFedRGwPAyyxep8
0197-TBDQW,0197-TBDQW,2023-08-31,20,0,Partageons l'Espoir,GQz5FdUDFedRGwPAyyxep8
0198-MMJGL,0198-MMJGL,2023-08-31,20,0,Partageons l'Espoir,GQz5FdUDFedRGwPAyyxep8
0199-CMSSD,0199-CMSSD,2023-08-31,20,0,Partageons l'Espoir,GQz5FdUDFedRGwPAyyxep8
0200-KUNZJ,0200-KUNZJ,2023-08-31,20,0,Partageons l'Espoir,GQz5FdUDFedRGwPAyyxep8
0201-FNWQA,0201-FNWQA,2023-08-31,20,0,Partageons l'Espoir,GQz5FdUDFedRGwPAyyxep8
0202-KIQFK,0202-KIQFK,2023-08-31,20,0,Partageons l'Espoir,GQz5FdUDFedRGwPAyyxep8
0203-CAZWR,0203-CAZWR,2023-08-31,20,0,Partageons l'Espoir,GQz5FdUDFedRGwPAyyxep8
0204-COVKB,0204-COVKB,2023-08-31,20,0,Partageons l'Espoir,GQz5FdUDFedRGwPAyyxep8
0205-AQAJV,0205-AQAJV,2023-08-31,20,0,Partageons l'Espoir,GQz5FdUDFedRGwPAyyxep8
0206-UQGNU,0206-UQGNU,2023-08-31,20,0,Partageons l'Espoir,GQz5FdUDFedRGwPAyyxep8
0207-NNPVI,0207-NNPVI,2023-08-31,20,0,Partageons l'Espoir,GQz5FdUDFedRGwPAyyxep8
0208-CEZDM,0208-CEZDM,2023-08-31,20,0,Partageons l'Espoir,GQz5FdUDFedRGwPAyyxep8
0209-FFKCE,0209-FFKCE,2023-08-31,20,0,Partageons l'Espoir,GQz5FdUDFedRGwPAyyxep8
0210-GZKVS,0210-GZKVS,2023-08-31,20,0,Partageons l'Espoir,GQz5FdUDFedRGwPAyyxep8
0211-TIPAN,0211-TIPAN,2023-08-31,20,0,Partageons l'Espoir,GQz5FdUDFedRGwPAyyxep8
0212-XUXWB,0212-XUXWB,2023-08-31,20,0,Partageons l'Espoir,GQz5FdUDFedRGwPAyyxep8
0213-OTKVD,0213-OTKVD,2023-08-31,20,0,Partageons l'Espoir,GQz5FdUDFedRGwPAyyxep8
0214-EZCUX,0214-EZCUX,2023-08-31,20,0,Partageons l'Espoir,GQz5FdUDFedRGwPAyyxep8
0215-GENOB,0215-GENOB,2023-08-31,20,0,Partageons l'Espoir,GQz5FdUDFedRGwPAyyxep8
0216-LDHYJ,0216-LDHYJ,2023-08-31,20,0,Partageons l'Espoir,GQz5FdUDFedRGwPAyyxep8
0217-ICJMT,0217-ICJMT,2023-08-31,20,0,Partageons l'Espoir,GQz5FdUDFedRGwPAyyxep8
0218-BPVVO,0218-BPVVO,2023-08-31,20,0,Partageons l'Espoir,GQz5FdUDFedRGwPAyyxep8
0219-STUKL,0219-STUKL,2023-08-31,20,0,Partageons l'Espoir,GQz5FdUDFedRGwPAyyxep8
0220-HTBDV,0220-HTBDV,2023-08-31,20,0,Partageons l'Espoir,GQz5FdUDFedRGwPAyyxep8
0221-WPCOC,0221-WPCOC,2023-08-31,20,0,Partageons l'Espoir,GQz5FdUDFedRGwPAyyxep8
0222-ZMHBP,0222-ZMHBP,2023-08-31,20,0,Partageons l'Espoir,GQz5FdUDFedRGwPAyyxep8
0223-IDSMW,0223-IDSMW,2023-08-31,20,0,Partageons l'Espoir,GQz5FdUDFedRGwPAyyxep8
0224-YFXEC,0224-YFXEC,2023-08-31,20,0,Partageons l'Espoir,GQz5FdUDFedRGwPAyyxep8
0225-LZPAS,0225-LZPAS,2023-08-31,20,0,Partageons l'Espoir,GQz5FdUDFedRGwPAyyxep8
0226-TTYFK,0226-TTYFK,2023-08-31,20,0,Partageons l'Espoir,GQz5FdUDFedRGwPAyyxep8
0227-JJSZW,0227-JJSZW,2023-08-31,20,0,Partageons l'Espoir,GQz5FdUDFedRGwPAyyxep8
0228-KXDWA,0228-KXDWA,2023-08-31,20,0,Partageons l'Espoir,GQz5FdUDFedRGwPAyyxep8
0229-GRQUB,0229-GRQUB,2023-08-31,20,0,Partageons l'Espoir,GQz5FdUDFedRGwPAyyxep8
0230-TYGBC,0230-TYGBC,2023-08-31,20,0,Partageons l'Espoir,GQz5FdUDFedRGwPAyyxep8
0231-QOHCM,0231-QOHCM,2023-08-31,20,0,Partageons l'Espoir,GQz5FdUDFedRGwPAyyxep8
0232-UUGZN,0232-UUGZN,2023-08-31,20,0,Partageons l'Espoir,GQz5FdUDFedRGwPAyyxep8
0233-OIVVU,0233-OIVVU,2023-08-31,20,0,Partageons l'Espoir,GQz5FdUDFedRGwPAyyxep8
0234-FVOAT,0234-FVOAT,2023-08-31,20,0,Partageons l'Espoir,GQz5FdUDFedRGwPAyyxep8
0235-ZXLJO,0235-ZXLJO,2023-08-31,20,0,Partageons l'Espoir,GQz5FdUDFedRGwPAyyxep8
0236-DCZYK,0236-DCZYK,2023-08-31,20,0,Partageons l'Espoir,GQz5FdUDFedRGwPAyyxep8
0237-YUAYQ,0237-YUAYQ,2023-08-31,20,0,Partageons l'Espoir,GQz5FdUDFedRGwPAyyxep8
0238-ONRWM,0238-ONRWM,2023-08-31,20,0,Partageons l'Espoir,GQz5FdUDFedRGwPAyyxep8
0239-IPEPV,0239-IPEPV,2023-08-31,20,0,Partageons l'Espoir,GQz5FdUDFedRGwPAyyxep8
0240-DXRFO,0240-DXRFO,2023-08-31,20,0,Partageons l'Espoir,GQz5FdUDFedRGwPAyyxep8
0241-YAXLV,0241-YAXLV,2023-08-31,20,0,Partageons l'Espoir,GQz5FdUDFedRGwPAyyxep8
0242-MLFVK,0242-MLFVK,2023-08-31,20,0,Partageons l'Espoir,GQz5FdUDFedRGwPAyyxep8
0243-TSEUG,0243-TSEUG,2023-08-31,20,0,Partageons l'Espoir,GQz5FdUDFedRGwPAyyxep8
0244-XEGXQ,0244-XEGXQ,2023-08-31,20,0,Partageons l'Espoir,GQz5FdUDFedRGwPAyyxep8
0245-ZYBZQ,0245-ZYBZQ,2023-08-31,20,0,Partageons l'Espoir,GQz5FdUDFedRGwPAyyxep8
0246-RQJLS,0246-RQJLS,2023-08-31,20,0,Partageons l'Espoir,GQz5FdUDFedRGwPAyyxep8
0247-RWYST,0247-RWYST,2023-08-31,20,0,Partageons l'Espoir,GQz5FdUDFedRGwPAyyxep8
0248-XDRXB,0248-XDRXB,2023-08-31,20,0,Partageons l'Espoir,GQz5FdUDFedRGwPAyyxep8
0249-UIWKX,0249-UIWKX,2023-08-31,20,0,Partageons l'Espoir,GQz5FdUDFedRGwPAyyxep8
0250-AFGGO,0250-AFGGO,2023-08-31,20,0,Partageons l'Espoir,GQz5FdUDFedRGwPAyyxep8
0251-JYTYS,0251-JYTYS,2023-08-31,20,0,Partageons l'Espoir,GQz5FdUDFedRGwPAyyxep8
0252-SIURC,0252-SIURC,2023-08-31,20,0,Partageons l'Espoir,GQz5FdUDFedRGwPAyyxep8
0253-VBHLH,0253-VBHLH,2023-08-31,20,0,Partageons l'Espoir,GQz5FdUDFedRGwPAyyxep8
0254-JJXRQ,0254-JJXRQ,2023-08-31,20,0,Partageons l'Espoir,GQz5FdUDFedRGwPAyyxep8
0255-BNINF,0255-BNINF,2023-08-31,20,0,Partageons l'Espoir,GQz5FdUDFedRGwPAyyxep8
0256-RYESP,0256-RYESP,2023-08-31,20,0,Partageons l'Espoir,GQz5FdUDFedRGwPAyyxep8
0257-WQIEA,0257-WQIEA,2023-08-31,20,0,Partageons l'Espoir,GQz5FdUDFedRGwPAyyxep8
0258-ERBTA,0258-ERBTA,2023-08-31,20,0,Partageons l'Espoir,GQz5FdUDFedRGwPAyyxep8
0259-JVKZP,0259-JVKZP,2023-08-31,20,0,Partageons l'Espoir,GQz5FdUDFedRGwPAyyxep8
0260-SIEHW,0260-SIEHW,2023-08-31,20,0,Partageons l'Espoir,GQz5FdUDFedRGwPAyyxep8
0261-FLPHK,0261-FLPHK,2023-08-31,20,0,Partageons l'Espoir,GQz5FdUDFedRGwPAyyxep8
0262-DQCKJ,0262-DQCKJ,2023-08-31,20,0,Partageons l'Espoir,GQz5FdUDFedRGwPAyyxep8
0263-SWFYW,0263-SWFYW,2023-08-31,20,0,Partageons l'Espoir,GQz5FdUDFedRGwPAyyxep8
0264-CYLGE,0264-CYLGE,2023-08-31,20,0,Partageons l'Espoir,GQz5FdUDFedRGwPAyyxep8
0265-JNYOW,0265-JNYOW,2023-08-31,20,0,Partageons l'Espoir,GQz5FdUDFedRGwPAyyxep8
0266-WEXLN,0266-WEXLN,2023-08-31,20,0,Partageons l'Espoir,GQz5FdUDFedRGwPAyyxep8
0267-BNTGS,0267-BNTGS,2023-08-31,20,0,Partageons l'Espoir,GQz5FdUDFedRGwPAyyxep8
0268-QFRLF,0268-QFRLF,2023-08-31,20,0,Partageons l'Espoir,GQz5FdUDFedRGwPAyyxep8
0269-HBGIR,0269-HBGIR,2023-08-31,20,0,Partageons l'Espoir,GQz5FdUDFedRGwPAyyxep8
0270-UMXIJ,0270-UMXIJ,2023-08-31,20,0,Partageons l'Espoir,GQz5FdUDFedRGwPAyyxep8
0271-EMLBU,0271-EMLBU,2023-08-31,20,0,Partageons l'Espoir,GQz5FdUDFedRGwPAyyxep8
0272-DVOTM,0272-DVOTM,2023-08-31,20,0,Partageons l'Espoir,GQz5FdUDFedRGwPAyyxep8
0273-IBJDT,0273-IBJDT,2023-08-31,20,0,Partageons l'Espoir,GQz5FdUDFedRGwPAyyxep8
0274-TTZGS,0274-TTZGS,2023-08-31,20,0,Partageons l'Espoir,GQz5FdUDFedRGwPAyyxep8
0275-BOREG,0275-BOREG,2023-08-31,20,0,Partageons l'Espoir,GQz5FdUDFedRGwPAyyxep8
0276-QFQAB,0276-QFQAB,2023-08-31,20,0,Partageons l'Espoir,GQz5FdUDFedRGwPAyyxep8
0277-FGZYY,0277-FGZYY,2023-08-31,20,0,Partageons l'Espoir,GQz5FdUDFedRGwPAyyxep8
0278-WAHTQ,0278-WAHTQ,2023-08-31,20,0,Partageons l'Espoir,GQz5FdUDFedRGwPAyyxep8
0279-DIIOH,0279-DIIOH,2023-08-31,20,0,Partageons l'Espoir,GQz5FdUDFedRGwPAyyxep8
0280-RMHME,0280-RMHME,2023-08-31,20,0,Partageons l'Espoir,GQz5FdUDFedRGwPAyyxep8
0281-XUGPY,0281-XUGPY,2023-08-31,20,0,Partageons l'Espoir,GQz5FdUDFedRGwPAyyxep8
0282-AELCI,0282-AELCI,2023-08-31,20,0,Partageons l'Espoir,GQz5FdUDFedRGwPAyyxep8
0283-ORXAJ,0283-ORXAJ,2023-08-31,20,0,Partageons l'Espoir,GQz5FdUDFedRGwPAyyxep8
0284-KBTFH,0284-KBTFH,2023-08-31,20,0,Partageons l'Espoir,GQz5FdUDFedRGwPAyyxep8
0285-XPDNU,0285-XPDNU,2023-08-31,20,0,Partageons l'Espoir,GQz5FdUDFedRGwPAyyxep8
0286-TPOOG,0286-TPOOG,2023-08-31,20,0,Partageons l'Espoir,GQz5FdUDFedRGwPAyyxep8
0287-MKZUF,0287-MKZUF,2023-08-31,20,0,Partageons l'Espoir,GQz5FdUDFedRGwPAyyxep8
0288-GDHDD,0288-GDHDD,2023-08-31,20,0,Partageons l'Espoir,GQz5FdUDFedRGwPAyyxep8
0289-IMWLD,0289-IMWLD,2023-08-31,20,0,Partageons l'Espoir,GQz5FdUDFedRGwPAyyxep8
0290-UAQXO,0290-UAQXO,2023-08-31,20,0,Partageons l'Espoir,GQz5FdUDFedRGwPAyyxep8
0291-TSVZK,0291-TSVZK,2023-08-31,20,0,Partageons l'Espoir,GQz5FdUDFedRGwPAyyxep8
0292-PDCVU,0292-PDCVU,2023-08-31,20,0,Partageons l'Espoir,GQz5FdUDFedRGwPAyyxep8
0293-PELRY,0293-PELRY,2023-08-31,20,0,Partageons l'Espoir,GQz5FdUDFedRGwPAyyxep8
0294-JXBZN,0294-JXBZN,2023-08-31,20,0,Partageons l'Espoir,GQz5FdUDFedRGwPAyyxep8
0295-DPEVT,0295-DPEVT,2023-08-31,20,0,Partageons l'Espoir,GQz5FdUDFedRGwPAyyxep8
0296-PFARV,0296-PFARV,2023-08-31,20,0,Partageons l'Espoir,GQz5FdUDFedRGwPAyyxep8
0297-VGEJF,0297-VGEJF,2023-08-31,20,0,Partageons l'Espoir,GQz5FdUDFedRGwPAyyxep8
0298-IUGBG,0298-IUGBG,2023-08-31,20,0,Partageons l'Espoir,GQz5FdUDFedRGwPAyyxep8
0299-SLNGJ,0299-SLNGJ,2023-08-31,20,0,Partageons l'Espoir,GQz5FdUDFedRGwPAyyxep8
0300-REEYN,0300-REEYN,2023-08-31,20,0,Partageons l'Espoir,GQz5FdUDFedRGwPAyyxep8
0301-SCIQP,0301-SCIQP,2023-08-31,20,0,Partageons l'Espoir,GQz5FdUDFedRGwPAyyxep8
0302-NBAKT,0302-NBAKT,2023-08-31,20,0,Partageons l'Espoir,GQz5FdUDFedRGwPAyyxep8
0303-QLDST,0303-QLDST,2023-08-31,20,0,Partageons l'Espoir,GQz5FdUDFedRGwPAyyxep8
0304-FMQYF,0304-FMQYF,2023-08-31,20,0,Partageons l'Espoir,GQz5FdUDFedRGwPAyyxep8
0305-DGQOT,0305-DGQOT,2023-08-31,20,0,Partageons l'Espoir,GQz5FdUDFedRGwPAyyxep8
0306-CIFMD,0306-CIFMD,2023-08-31,20,0,Partageons l'Espoir,GQz5FdUDFedRGwPAyyxep8
0307-APWHU,0307-APWHU,2023-08-31,20,0,Partageons l'Espoir,GQz5FdUDFedRGwPAyyxep8
0308-MHPSQ,0308-MHPSQ,2023-08-31,20,0,Partageons l'Espoir,GQz5FdUDFedRGwPAyyxep8
0309-ARKIV,0309-ARKIV,2023-08-31,20,0,Partageons l'Espoir,GQz5FdUDFedRGwPAyyxep8
0310-CUWZU,0310-CUWZU,2023-08-31,20,0,Partageons l'Espoir,GQz5FdUDFedRGwPAyyxep8
0311-XRQPC,0311-XRQPC,2023-08-31,20,0,Partageons l'Espoir,GQz5FdUDFedRGwPAyyxep8
0312-ZBTYH,0312-ZBTYH,2023-08-31,20,0,Partageons l'Espoir,GQz5FdUDFedRGwPAyyxep8
0313-HGMZV,0313-HGMZV,2023-08-31,20,0,Partageons l'Espoir,GQz5FdUDFedRGwPAyyxep8
0314-FFRKO,0314-FFRKO,2023-08-31,20,0,Partageons l'Espoir,GQz5FdUDFedRGwPAyyxep8
0315-PGSPU,0315-PGSPU,2023-08-31,20,0,Partageons l'Espoir,GQz5FdUDFedRGwPAyyxep8
0316-URYKG,0316-URYKG,2023-08-31,20,0,Partageons l'Espoir,GQz5FdUDFedRGwPAyyxep8
0317-GZCKZ,0317-GZCKZ,2023-08-31,20,0,Partageons l'Espoir,GQz5FdUDFedRGwPAyyxep8
0318-OIYRI,0318-OIYRI,2023-08-31,20,0,Partageons l'Espoir,GQz5FdUDFedRGwPAyyxep8
0319-KOCFC,0319-KOCFC,2023-08-31,20,0,Partageons l'Espoir,GQz5FdUDFedRGwPAyyxep8
0320-HOOOH,0320-HOOOH,2023-08-31,20,0,Partageons l'Espoir,GQz5FdUDFedRGwPAyyxep8
0321-UTGZC,0321-UTGZC,2023-08-31,20,0,Partageons l'Espoir,GQz5FdUDFedRGwPAyyxep8
0322-PGTPF,0322-PGTPF,2023-08-31,20,0,Partageons l'Espoir,GQz5FdUDFedRGwPAyyxep8
0323-SPRJS,0323-SPRJS,2023-08-31,20,0,Partageons l'Espoir,GQz5FdUDFedRGwPAyyxep8
0324-YFPNC,0324-YFPNC,2023-08-31,20,0,Partageons l'Espoir,GQz5FdUDFedRGwPAyyxep8
0325-BCOVR,0325-BCOVR,2023-08-31,20,0,Partageons l'Espoir,GQz5FdUDFedRGwPAyyxep8
0326-WFBPR,0326-WFBPR,2023-08-31,20,0,Partageons l'Espoir,GQz5FdUDFedRGwPAyyxep8
0327-ATIOF,0327-ATIOF,2023-08-31,20,0,Partageons l'Espoir,GQz5FdUDFedRGwPAyyxep8
0328-BTVXQ,0328-BTVXQ,2023-08-31,20,0,Partageons l'Espoir,GQz5FdUDFedRGwPAyyxep8
0329-VOAVU,0329-VOAVU,2023-08-31,20,0,Partageons l'Espoir,GQz5FdUDFedRGwPAyyxep8
0330-BBXDZ,0330-BBXDZ,2023-08-31,20,0,Partageons l'Espoir,GQz5FdUDFedRGwPAyyxep8
0331-XHRRL,0331-XHRRL,2023-08-31,20,0,Partageons l'Espoir,GQz5FdUDFedRGwPAyyxep8
0332-UTWKK,0332-UTWKK,2023-08-31,20,0,Partageons l'Espoir,GQz5FdUDFedRGwPAyyxep8
0333-USKKA,0333-USKKA,2023-08-31,20,0,Partageons l'Espoir,GQz5FdUDFedRGwPAyyxep8
0334-WYTMK,0334-WYTMK,2023-08-31,20,0,Partageons l'Espoir,GQz5FdUDFedRGwPAyyxep8
0335-POZUX,0335-POZUX,2023-08-31,20,0,Partageons l'Espoir,GQz5FdUDFedRGwPAyyxep8
0336-KZCNY,0336-KZCNY,2023-08-31,20,0,Partageons l'Espoir,GQz5FdUDFedRGwPAyyxep8
0337-MCANL,0337-MCANL,2023-08-31,20,0,Partageons l'Espoir,GQz5FdUDFedRGwPAyyxep8
0338-NZVJC,0338-NZVJC,2023-08-31,20,0,Partageons l'Espoir,GQz5FdUDFedRGwPAyyxep8
0339-BJFWU,0339-BJFWU,2023-08-31,20,0,Partageons l'Espoir,GQz5FdUDFedRGwPAyyxep8
0340-YPDCI,0340-YPDCI,2023-08-31,20,0,Partageons l'Espoir,GQz5FdUDFedRGwPAyyxep8
0341-DXXJH,0341-DXXJH,2023-08-31,20,0,Partageons l'Espoir,GQz5FdUDFedRGwPAyyxep8
0342-ZSDKS,0342-ZSDKS,2023-08-31,20,0,Partageons l'Espoir,GQz5FdUDFedRGwPAyyxep8
0343-HTXID,0343-HTXID,2023-08-31,20,0,Partageons l'Espoir,GQz5FdUDFedRGwPAyyxep8
0344-LHWZA,0344-LHWZA,2023-08-31,20,0,Partageons l'Espoir,GQz5FdUDFedRGwPAyyxep8
0345-JRMGZ,0345-JRMGZ,2023-08-31,20,0,Partageons l'Espoir,GQz5FdUDFedRGwPAyyxep8
0346-MZZIO,0346-MZZIO,2023-08-31,20,0,Partageons l'Espoir,GQz5FdUDFedRGwPAyyxep8
0347-KCKVS,0347-KCKVS,2023-08-31,20,0,Partageons l'Espoir,GQz5FdUDFedRGwPAyyxep8
0348-FKOWV,0348-FKOWV,2023-08-31,20,0,Partageons l'Espoir,GQz5FdUDFedRGwPAyyxep8
0349-PRYDV,0349-PRYDV,2023-08-31,20,0,Partageons l'Espoir,GQz5FdUDFedRGwPAyyxep8
0350-KCHPM,0350-KCHPM,2023-08-31,20,0,Partageons l'Espoir,GQz5FdUDFedRGwPAyyxep8
0351-XKLJJ,0351-XKLJJ,2023-08-31,20,0,Centre des aînés,JUPPMLxd3Xc9HcTmAbuNgx
0352-EAYDT,0352-EAYDT,2023-08-31,20,0,Centre des aînés,JUPPMLxd3Xc9HcTmAbuNgx
0353-SKMLN,0353-SKMLN,2023-08-31,20,0,Centre des aînés,JUPPMLxd3Xc9HcTmAbuNgx
0354-DLRLG,0354-DLRLG,2023-08-31,20,0,Centre des aînés,JUPPMLxd3Xc9HcTmAbuNgx
0355-ARGDR,0355-ARGDR,2023-08-31,20,0,Centre des aînés,JUPPMLxd3Xc9HcTmAbuNgx
0356-UDTFE,0356-UDTFE,2023-08-31,20,0,Centre des aînés,JUPPMLxd3Xc9HcTmAbuNgx
0357-JKKSD,0357-JKKSD,2023-08-31,20,0,Centre des aînés,JUPPMLxd3Xc9HcTmAbuNgx
0358-XZOKO,0358-XZOKO,2023-08-31,20,0,Centre des aînés,JUPPMLxd3Xc9HcTmAbuNgx
0359-KXCKK,0359-KXCKK,2023-08-31,20,0,Centre des aînés,JUPPMLxd3Xc9HcTmAbuNgx
0360-FEKSR,0360-FEKSR,2023-08-31,20,0,Centre des aînés,JUPPMLxd3Xc9HcTmAbuNgx
0361-AIRAM,0361-AIRAM,2023-08-31,20,0,Centre des aînés,JUPPMLxd3Xc9HcTmAbuNgx
0362-VUGID,0362-VUGID,2023-08-31,20,0,Centre des aînés,JUPPMLxd3Xc9HcTmAbuNgx
0363-WFQFT,0363-WFQFT,2023-08-31,20,0,Centre des aînés,JUPPMLxd3Xc9HcTmAbuNgx
0364-FBIGZ,0364-FBIGZ,2023-08-31,20,0,Centre des aînés,JUPPMLxd3Xc9HcTmAbuNgx
0365-OCHSI,0365-OCHSI,2023-08-31,20,0,Centre des aînés,JUPPMLxd3Xc9HcTmAbuNgx
0366-CJABP,0366-CJABP,2023-08-31,20,0,Centre des aînés,JUPPMLxd3Xc9HcTmAbuNgx
0367-XOZDZ,0367-XOZDZ,2023-08-31,20,0,Centre des aînés,JUPPMLxd3Xc9HcTmAbuNgx
0368-QELTB,0368-QELTB,2023-08-31,20,0,Centre des aînés,JUPPMLxd3Xc9HcTmAbuNgx
0369-AHWMH,0369-AHWMH,2023-08-31,20,0,Centre des aînés,JUPPMLxd3Xc9HcTmAbuNgx
0370-KNMIO,0370-KNMIO,2023-08-31,20,0,Centre des aînés,JUPPMLxd3Xc9HcTmAbuNgx
0371-MBPFJ,0371-MBPFJ,2023-08-31,20,0,Centre des aînés,JUPPMLxd3Xc9HcTmAbuNgx
0372-FTOTE,0372-FTOTE,2023-08-31,20,0,Centre des aînés,JUPPMLxd3Xc9HcTmAbuNgx
0373-IAPHQ,0373-IAPHQ,2023-08-31,20,0,Centre des aînés,JUPPMLxd3Xc9HcTmAbuNgx
0374-GRSDT,0374-GRSDT,2023-08-31,20,0,Centre des aînés,JUPPMLxd3Xc9HcTmAbuNgx
0375-EYYLH,0375-EYYLH,2023-08-31,20,0,Centre des aînés,JUPPMLxd3Xc9HcTmAbuNgx
0376-DTZIV,0376-DTZIV,2023-08-31,20,0,Centre des aînés,JUPPMLxd3Xc9HcTmAbuNgx
0377-JEKXD,0377-JEKXD,2023-08-31,20,0,Centre des aînés,JUPPMLxd3Xc9HcTmAbuNgx
0378-ZFIQZ,0378-ZFIQZ,2023-08-31,20,0,Centre des aînés,JUPPMLxd3Xc9HcTmAbuNgx
0379-MAKUH,0379-MAKUH,2023-08-31,20,0,Centre des aînés,JUPPMLxd3Xc9HcTmAbuNgx
0380-XBAFL,0380-XBAFL,2023-08-31,20,0,Centre des aînés,JUPPMLxd3Xc9HcTmAbuNgx
0381-OSWXO,0381-OSWXO,2023-08-31,20,0,Centre des aînés,JUPPMLxd3Xc9HcTmAbuNgx
0382-SXOZC,0382-SXOZC,2023-08-31,20,0,Centre des aînés,JUPPMLxd3Xc9HcTmAbuNgx
0383-TADZH,0383-TADZH,2023-08-31,20,0,Centre des aînés,JUPPMLxd3Xc9HcTmAbuNgx
0384-DVNHM,0384-DVNHM,2023-08-31,20,0,Centre des aînés,JUPPMLxd3Xc9HcTmAbuNgx
0385-VRBOR,0385-VRBOR,2023-08-31,20,0,Centre des aînés,JUPPMLxd3Xc9HcTmAbuNgx
0386-KOWGJ,0386-KOWGJ,2023-08-31,20,0,Centre des aînés,JUPPMLxd3Xc9HcTmAbuNgx
0387-HSMKZ,0387-HSMKZ,2023-08-31,20,0,Centre des aînés,JUPPMLxd3Xc9HcTmAbuNgx
0388-HRGMI,0388-HRGMI,2023-08-31,20,0,Centre des aînés,JUPPMLxd3Xc9HcTmAbuNgx
0389-ZSNDK,0389-ZSNDK,2023-08-31,20,0,Centre des aînés,JUPPMLxd3Xc9HcTmAbuNgx
0390-SAELT,0390-SAELT,2023-08-31,20,0,Centre des aînés,JUPPMLxd3Xc9HcTmAbuNgx
0391-MEKNA,0391-MEKNA,2023-08-31,20,0,Centre des aînés,JUPPMLxd3Xc9HcTmAbuNgx
0392-SYRLQ,0392-SYRLQ,2023-08-31,20,0,Centre des aînés,JUPPMLxd3Xc9HcTmAbuNgx
0393-HNWFY,0393-HNWFY,2023-08-31,20,0,Centre des aînés,JUPPMLxd3Xc9HcTmAbuNgx
0394-YYANF,0394-YYANF,2023-08-31,20,0,Centre des aînés,JUPPMLxd3Xc9HcTmAbuNgx
0395-DNXFB,0395-DNXFB,2023-08-31,20,0,Centre des aînés,JUPPMLxd3Xc9HcTmAbuNgx
0396-ISYQG,0396-ISYQG,2023-08-31,20,0,Centre des aînés,JUPPMLxd3Xc9HcTmAbuNgx
0397-VUVUM,0397-VUVUM,2023-08-31,20,0,Centre des aînés,JUPPMLxd3Xc9HcTmAbuNgx
0398-TMYTO,0398-TMYTO,2023-08-31,20,0,Centre des aînés,JUPPMLxd3Xc9HcTmAbuNgx
0399-ZLDCA,0399-ZLDCA,2023-08-31,20,0,Centre des aînés,JUPPMLxd3Xc9HcTmAbuNgx
0400-AYMGH,0400-AYMGH,2023-08-31,20,0,Centre des aînés,JUPPMLxd3Xc9HcTmAbuNgx
0401-CLKWP,0401-CLKWP,2023-08-31,20,0,Centre des aînés,JUPPMLxd3Xc9HcTmAbuNgx
0402-ZGBCK,0402-ZGBCK,2023-08-31,20,0,Centre des aînés,JUPPMLxd3Xc9HcTmAbuNgx
0403-PMICD,0403-PMICD,2023-08-31,20,0,Centre des aînés,JUPPMLxd3Xc9HcTmAbuNgx
0404-WGUUI,0404-WGUUI,2023-08-31,20,0,Centre des aînés,JUPPMLxd3Xc9HcTmAbuNgx
0405-BLONS,0405-BLONS,2023-08-31,20,0,Centre des aînés,JUPPMLxd3Xc9HcTmAbuNgx
0406-NLEVB,0406-NLEVB,2023-08-31,20,0,Centre des aînés,JUPPMLxd3Xc9HcTmAbuNgx
0407-PTNJH,0407-PTNJH,2023-08-31,20,0,Centre des aînés,JUPPMLxd3Xc9HcTmAbuNgx
0408-BEPYG,0408-BEPYG,2023-08-31,20,0,Centre des aînés,JUPPMLxd3Xc9HcTmAbuNgx
0409-VFMJA,0409-VFMJA,2023-08-31,20,0,Centre des aînés,JUPPMLxd3Xc9HcTmAbuNgx
0410-DMETL,0410-DMETL,2023-08-31,20,0,Centre des aînés,JUPPMLxd3Xc9HcTmAbuNgx
0411-AJXPV,0411-AJXPV,2023-08-31,20,0,Centre des aînés,JUPPMLxd3Xc9HcTmAbuNgx
0412-XCWFI,0412-XCWFI,2023-08-31,20,0,Centre des aînés,JUPPMLxd3Xc9HcTmAbuNgx
0413-OZXOC,0413-OZXOC,2023-08-31,20,0,Centre des aînés,JUPPMLxd3Xc9HcTmAbuNgx
0414-NFRUH,0414-NFRUH,2023-08-31,20,0,Centre des aînés,JUPPMLxd3Xc9HcTmAbuNgx
0415-CUDVK,0415-CUDVK,2023-08-31,20,0,Centre des aînés,JUPPMLxd3Xc9HcTmAbuNgx
0416-SJYNO,0416-SJYNO,2023-08-31,20,0,Centre des aînés,JUPPMLxd3Xc9HcTmAbuNgx
0417-GPIPR,0417-GPIPR,2023-08-31,20,0,Centre des aînés,JUPPMLxd3Xc9HcTmAbuNgx
0418-WOZEW,0418-WOZEW,2023-08-31,20,0,Centre des aînés,JUPPMLxd3Xc9HcTmAbuNgx
0419-YFLOT,0419-YFLOT,2023-08-31,20,0,Centre des aînés,JUPPMLxd3Xc9HcTmAbuNgx
0420-FLUZR,0420-FLUZR,2023-08-31,20,0,Centre des aînés,JUPPMLxd3Xc9HcTmAbuNgx
0421-RRRRM,0421-RRRRM,2023-08-31,20,0,Maison St-Columba,ayCSycc6edx7LMvVpR9oA2
0422-KHSNU,0422-KHSNU,2023-08-31,20,0,Maison St-Columba,ayCSycc6edx7LMvVpR9oA2
0423-UROBW,0423-UROBW,2023-08-31,20,0,Maison St-Columba,ayCSycc6edx7LMvVpR9oA2
0424-OVHQW,0424-OVHQW,2023-08-31,20,0,Maison St-Columba,ayCSycc6edx7LMvVpR9oA2
0425-TIDAF,0425-TIDAF,2023-08-31,20,0,Maison St-Columba,ayCSycc6edx7LMvVpR9oA2
0426-GNQNO,0426-GNQNO,2023-08-31,20,0,Maison St-Columba,ayCSycc6edx7LMvVpR9oA2
0427-DHPVK,0427-DHPVK,2023-08-31,20,0,Maison St-Columba,ayCSycc6edx7LMvVpR9oA2
0428-KVJAR,0428-KVJAR,2023-08-31,20,0,Maison St-Columba,ayCSycc6edx7LMvVpR9oA2
0429-MPDMF,0429-MPDMF,2023-08-31,20,0,Maison St-Columba,ayCSycc6edx7LMvVpR9oA2
0430-EZXSR,0430-EZXSR,2023-08-31,20,0,Maison St-Columba,ayCSycc6edx7LMvVpR9oA2
0431-URGMP,0431-URGMP,2023-08-31,20,0,Maison St-Columba,ayCSycc6edx7LMvVpR9oA2
0432-AYRNN,0432-AYRNN,2023-08-31,20,0,Maison St-Columba,ayCSycc6edx7LMvVpR9oA2
0433-LQWFP,0433-LQWFP,2023-08-31,20,0,Maison St-Columba,ayCSycc6edx7LMvVpR9oA2
0434-PUWUX,0434-PUWUX,2023-08-31,20,0,Maison St-Columba,ayCSycc6edx7LMvVpR9oA2
0435-COWJD,0435-COWJD,2023-08-31,20,0,Maison St-Columba,ayCSycc6edx7LMvVpR9oA2
0436-LIWAV,0436-LIWAV,2023-08-31,20,0,Maison St-Columba,ayCSycc6edx7LMvVpR9oA2
0437-VEQSV,0437-VEQSV,2023-08-31,20,0,Maison St-Columba,ayCSycc6edx7LMvVpR9oA2
0438-MUERS,0438-MUERS,2023-08-31,20,0,Maison St-Columba,ayCSycc6edx7LMvVpR9oA2
0439-NDPIY,0439-NDPIY,2023-08-31,20,0,Maison St-Columba,ayCSycc6edx7LMvVpR9oA2
0440-YDYUH,0440-YDYUH,2023-08-31,20,0,Maison St-Columba,ayCSycc6edx7LMvVpR9oA2
0441-CXWEH,0441-CXWEH,2023-08-31,20,0,Maison St-Columba,ayCSycc6edx7LMvVpR9oA2
0442-USSCJ,0442-USSCJ,2023-08-31,20,0,Maison St-Columba,ayCSycc6edx7LMvVpR9oA2
0443-XZJRF,0443-XZJRF,2023-08-31,20,0,Maison St-Columba,ayCSycc6edx7LMvVpR9oA2
0444-EPPUT,0444-EPPUT,2023-08-31,20,0,Maison St-Columba,ayCSycc6edx7LMvVpR9oA2
0445-CHSHX,0445-CHSHX,2023-08-31,20,0,Maison St-Columba,ayCSycc6edx7LMvVpR9oA2
0446-JMKWG,0446-JMKWG,2023-08-31,20,0,Maison St-Columba,ayCSycc6edx7LMvVpR9oA2
0447-XJWMU,0447-XJWMU,2023-08-31,20,0,Maison St-Columba,ayCSycc6edx7LMvVpR9oA2
0448-HFHTG,0448-HFHTG,2023-08-31,20,0,Maison St-Columba,ayCSycc6edx7LMvVpR9oA2
0449-OPMXH,0449-OPMXH,2023-08-31,20,0,Maison St-Columba,ayCSycc6edx7LMvVpR9oA2
0450-GLGCG,0450-GLGCG,2023-08-31,20,0,Maison St-Columba,ayCSycc6edx7LMvVpR9oA2
0451-ITDDR,0451-ITDDR,2023-08-31,20,0,Maison St-Columba,ayCSycc6edx7LMvVpR9oA2
0452-USOQI,0452-USOQI,2023-08-31,20,0,Maison St-Columba,ayCSycc6edx7LMvVpR9oA2
0453-YVZDZ,0453-YVZDZ,2023-08-31,20,0,Maison St-Columba,ayCSycc6edx7LMvVpR9oA2
0454-BBLBX,0454-BBLBX,2023-08-31,20,0,Maison St-Columba,ayCSycc6edx7LMvVpR9oA2
0455-ONMWO,0455-ONMWO,2023-08-31,20,0,Maison St-Columba,ayCSycc6edx7LMvVpR9oA2
0456-YQIPV,0456-YQIPV,2023-08-31,20,0,Maison St-Columba,ayCSycc6edx7LMvVpR9oA2
0457-QSAZU,0457-QSAZU,2023-08-31,20,0,Maison St-Columba,ayCSycc6edx7LMvVpR9oA2
0458-EVGFA,0458-EVGFA,2023-08-31,20,0,Maison St-Columba,ayCSycc6edx7LMvVpR9oA2
0459-BIADD,0459-BIADD,2023-08-31,20,0,Maison St-Columba,ayCSycc6edx7LMvVpR9oA2
0460-PJUOA,0460-PJUOA,2023-08-31,20,0,Maison St-Columba,ayCSycc6edx7LMvVpR9oA2
0461-POYDN,0461-POYDN,2023-08-31,20,0,Maison St-Columba,ayCSycc6edx7LMvVpR9oA2
0462-FQDVZ,0462-FQDVZ,2023-08-31,20,0,Maison St-Columba,ayCSycc6edx7LMvVpR9oA2
0463-WAIZN,0463-WAIZN,2023-08-31,20,0,Maison St-Columba,ayCSycc6edx7LMvVpR9oA2
0464-FUPYG,0464-FUPYG,2023-08-31,20,0,Maison St-Columba,ayCSycc6edx7LMvVpR9oA2
0465-GXDZP,0465-GXDZP,2023-08-31,20,0,Maison St-Columba,ayCSycc6edx7LMvVpR9oA2
0466-LBIEE,0466-LBIEE,2023-08-31,20,0,Maison St-Columba,ayCSycc6edx7LMvVpR9oA2
0467-HYWWB,0467-HYWWB,2023-08-31,20,0,Maison St-Columba,ayCSycc6edx7LMvVpR9oA2
0468-OJHTF,0468-OJHTF,2023-08-31,20,0,Maison St-Columba,ayCSycc6edx7LMvVpR9oA2
0469-JUFFP,0469-JUFFP,2023-08-31,20,0,Maison St-Columba,ayCSycc6edx7LMvVpR9oA2
0470-ZFGYU,0470-ZFGYU,2023-08-31,20,0,Maison St-Columba,ayCSycc6edx7LMvVpR9oA2
0471-RPGGB,0471-RPGGB,2023-08-31,20,0,Maison St-Columba,ayCSycc6edx7LMvVpR9oA2
0472-HCLUQ,0472-HCLUQ,2023-08-31,20,0,Maison St-Columba,ayCSycc6edx7LMvVpR9oA2
0473-XERAQ,0473-XERAQ,2023-08-31,20,0,Maison St-Columba,ayCSycc6edx7LMvVpR9oA2
0474-IOWNZ,0474-IOWNZ,2023-08-31,20,0,Maison St-Columba,ayCSycc6edx7LMvVpR9oA2
0475-OKJSX,0475-OKJSX,2023-08-31,20,0,Maison St-Columba,ayCSycc6edx7LMvVpR9oA2
0476-KKIID,0476-KKIID,2023-08-31,20,0,Maison St-Columba,ayCSycc6edx7LMvVpR9oA2
0477-HOXTQ,0477-HOXTQ,2023-08-31,20,0,Maison St-Columba,ayCSycc6edx7LMvVpR9oA2
0478-LMZWL,0478-LMZWL,2023-08-31,20,0,Maison St-Columba,ayCSycc6edx7LMvVpR9oA2
0479-EHHGN,0479-EHHGN,2023-08-31,20,0,Maison St-Columba,ayCSycc6edx7LMvVpR9oA2
0480-SVUAD,0480-SVUAD,2023-08-31,20,0,Maison St-Columba,ayCSycc6edx7LMvVpR9oA2
0481-JIDDP,0481-JIDDP,2023-08-31,20,0,Maison St-Columba,ayCSycc6edx7LMvVpR9oA2
0482-AREVB,0482-AREVB,2023-08-31,20,0,Maison St-Columba,ayCSycc6edx7LMvVpR9oA2
0483-ZOFVE,0483-ZOFVE,2023-08-31,20,0,Maison St-Columba,ayCSycc6edx7LMvVpR9oA2
0484-WISQY,0484-WISQY,2023-08-31,20,0,Maison St-Columba,ayCSycc6edx7LMvVpR9oA2
0485-YMCOE,0485-YMCOE,2023-08-31,20,0,Maison St-Columba,ayCSycc6edx7LMvVpR9oA2
0486-OWPPF,0486-OWPPF,2023-08-31,20,0,Maison St-Columba,ayCSycc6edx7LMvVpR9oA2
0487-ZVMEO,0487-ZVMEO,2023-08-31,20,0,Maison St-Columba,ayCSycc6edx7LMvVpR9oA2
0488-HOHZY,0488-HOHZY,2023-08-31,20,0,Maison St-Columba,ayCSycc6edx7LMvVpR9oA2
0489-NZSAL,0489-NZSAL,2023-08-31,20,0,Maison St-Columba,ayCSycc6edx7LMvVpR9oA2
0490-XXXCA,0490-XXXCA,2023-08-31,20,0,Maison St-Columba,ayCSycc6edx7LMvVpR9oA2
0491-XKRPH,0491-XKRPH,2023-08-31,20,0,Maison St-Columba,ayCSycc6edx7LMvVpR9oA2
0492-ZOYLU,0492-ZOYLU,2023-08-31,20,0,Maison St-Columba,ayCSycc6edx7LMvVpR9oA2
0493-HABVQ,0493-HABVQ,2023-08-31,20,0,Maison St-Columba,ayCSycc6edx7LMvVpR9oA2
0494-FXXSX,0494-FXXSX,2023-08-31,20,0,Maison St-Columba,ayCSycc6edx7LMvVpR9oA2
0495-EGOUY,0495-EGOUY,2023-08-31,20,0,Maison St-Columba,ayCSycc6edx7LMvVpR9oA2
0496-LKHYL,0496-LKHYL,2023-08-31,20,0,Maison St-Columba,ayCSycc6edx7LMvVpR9oA2
0497-BUPCE,0497-BUPCE,2023-08-31,20,0,Maison St-Columba,ayCSycc6edx7LMvVpR9oA2
0498-SNIOJ,0498-SNIOJ,2023-08-31,20,0,Maison St-Columba,ayCSycc6edx7LMvVpR9oA2
0499-QERTW,0499-QERTW,2023-08-31,20,0,Maison St-Columba,ayCSycc6edx7LMvVpR9oA2
0500-VJHFL,0500-VJHFL,2023-08-31,20,0,Maison St-Columba,ayCSycc6edx7LMvVpR9oA2
0501-YQARB,0501-YQARB,2023-08-31,20,0,Maison St-Columba,ayCSycc6edx7LMvVpR9oA2
0502-ZODBI,0502-ZODBI,2023-08-31,20,0,Maison St-Columba,ayCSycc6edx7LMvVpR9oA2
0503-KZONR,0503-KZONR,2023-08-31,20,0,Maison St-Columba,ayCSycc6edx7LMvVpR9oA2
0504-SCGGU,0504-SCGGU,2023-08-31,20,0,Maison St-Columba,ayCSycc6edx7LMvVpR9oA2
0505-PWNMN,0505-PWNMN,2023-08-31,20,0,Maison St-Columba,ayCSycc6edx7LMvVpR9oA2
0506-URTOK,0506-URTOK,2023-08-31,20,0,Maison St-Columba,ayCSycc6edx7LMvVpR9oA2
0507-ENSQI,0507-ENSQI,2023-08-31,20,0,Maison St-Columba,ayCSycc6edx7LMvVpR9oA2
0508-RMWKZ,0508-RMWKZ,2023-08-31,20,0,Maison St-Columba,ayCSycc6edx7LMvVpR9oA2
0509-OKXUL,0509-OKXUL,2023-08-31,20,0,Maison St-Columba,ayCSycc6edx7LMvVpR9oA2
0510-VVNUJ,0510-VVNUJ,2023-08-31,20,0,Maison St-Columba,ayCSycc6edx7LMvVpR9oA2
0511-XCQTF,0511-XCQTF,2023-08-31,20,0,Maison St-Columba,ayCSycc6edx7LMvVpR9oA2
0512-UTINN,0512-UTINN,2023-08-31,20,0,Maison St-Columba,ayCSycc6edx7LMvVpR9oA2
0513-JZDCR,0513-JZDCR,2023-08-31,20,0,Maison St-Columba,ayCSycc6edx7LMvVpR9oA2
0514-YVONG,0514-YVONG,2023-08-31,20,0,Maison St-Columba,ayCSycc6edx7LMvVpR9oA2
0515-BINRW,0515-BINRW,2023-08-31,20,0,Maison St-Columba,ayCSycc6edx7LMvVpR9oA2
0516-UQLSC,0516-UQLSC,2023-08-31,20,0,Maison St-Columba,ayCSycc6edx7LMvVpR9oA2
0517-GPSIA,0517-GPSIA,2023-08-31,20,0,Maison St-Columba,ayCSycc6edx7LMvVpR9oA2
0518-AJJHU,0518-AJJHU,2023-08-31,20,0,Maison St-Columba,ayCSycc6edx7LMvVpR9oA2
0519-HMUXM,0519-HMUXM,2023-08-31,20,0,Maison St-Columba,ayCSycc6edx7LMvVpR9oA2
0520-UEDSE,0520-UEDSE,2023-08-31,20,0,Maison St-Columba,ayCSycc6edx7LMvVpR9oA2
0521-HHNOA,0521-HHNOA,2023-08-31,20,0,Maison St-Columba,ayCSycc6edx7LMvVpR9oA2
0522-XPHLO,0522-XPHLO,2023-08-31,20,0,Maison St-Columba,ayCSycc6edx7LMvVpR9oA2
0523-SJMLU,0523-SJMLU,2023-08-31,20,0,Maison St-Columba,ayCSycc6edx7LMvVpR9oA2
0524-BYKYN,0524-BYKYN,2023-08-31,20,0,Maison St-Columba,ayCSycc6edx7LMvVpR9oA2
0525-EGIWB,0525-EGIWB,2023-08-31,20,0,Maison St-Columba,ayCSycc6edx7LMvVpR9oA2
0526-VKPYQ,0526-VKPYQ,2023-08-31,20,0,Maison St-Columba,ayCSycc6edx7LMvVpR9oA2
0527-WLDNV,0527-WLDNV,2023-08-31,20,0,Maison St-Columba,ayCSycc6edx7LMvVpR9oA2
0528-KTDVE,0528-KTDVE,2023-08-31,20,0,Maison St-Columba,ayCSycc6edx7LMvVpR9oA2
0529-LEKUV,0529-LEKUV,2023-08-31,20,0,Maison St-Columba,ayCSycc6edx7LMvVpR9oA2
0530-LPZYW,0530-LPZYW,2023-08-31,20,0,Maison St-Columba,ayCSycc6edx7LMvVpR9oA2
0531-FTUOB,0531-FTUOB,2023-08-31,20,0,Maison St-Columba,ayCSycc6edx7LMvVpR9oA2
0532-WDTJZ,0532-WDTJZ,2023-08-31,20,0,Maison St-Columba,ayCSycc6edx7LMvVpR9oA2
0533-KOMPL,0533-KOMPL,2023-08-31,20,0,Maison St-Columba,ayCSycc6edx7LMvVpR9oA2
0534-GCXTO,0534-GCXTO,2023-08-31,20,0,Maison St-Columba,ayCSycc6edx7LMvVpR9oA2
0535-LZJBH,0535-LZJBH,2023-08-31,20,0,Maison St-Columba,ayCSycc6edx7LMvVpR9oA2
0536-ZDQKP,0536-ZDQKP,2023-08-31,20,0,Maison St-Columba,ayCSycc6edx7LMvVpR9oA2
0537-OJDMA,0537-OJDMA,2023-08-31,20,0,Maison St-Columba,ayCSycc6edx7LMvVpR9oA2
0538-HQXUI,0538-HQXUI,2023-08-31,20,0,Maison St-Columba,ayCSycc6edx7LMvVpR9oA2
0539-HVXLI,0539-HVXLI,2023-08-31,20,0,Maison St-Columba,ayCSycc6edx7LMvVpR9oA2
0540-CHSLQ,0540-CHSLQ,2023-08-31,20,0,Maison St-Columba,ayCSycc6edx7LMvVpR9oA2
0541-KCHZY,0541-KCHZY,2023-08-31,20,0,Maison St-Columba,ayCSycc6edx7LMvVpR9oA2
0542-ODRLS,0542-ODRLS,2023-08-31,20,0,Maison St-Columba,ayCSycc6edx7LMvVpR9oA2
0543-QHHBH,0543-QHHBH,2023-08-31,20,0,Maison St-Columba,ayCSycc6edx7LMvVpR9oA2
0544-UNNEV,0544-UNNEV,2023-08-31,20,0,Maison St-Columba,ayCSycc6edx7LMvVpR9oA2
0545-YFZPS,0545-YFZPS,2023-08-31,20,0,Maison St-Columba,ayCSycc6edx7LMvVpR9oA2
0546-PZVQO,0546-PZVQO,2023-08-31,20,0,Maison St-Columba,ayCSycc6edx7LMvVpR9oA2
0547-NIXPJ,0547-NIXPJ,2023-08-31,20,0,Maison St-Columba,ayCSycc6edx7LMvVpR9oA2
0548-XAUUJ,0548-XAUUJ,2023-08-31,20,0,Maison St-Columba,ayCSycc6edx7LMvVpR9oA2
0549-TFYAC,0549-TFYAC,2023-08-31,20,0,Maison St-Columba,ayCSycc6edx7LMvVpR9oA2
0550-XYROF,0550-XYROF,2023-08-31,20,0,Maison St-Columba,ayCSycc6edx7LMvVpR9oA2
0551-JPKTV,0551-JPKTV,2023-08-31,20,0,Maison St-Columba,ayCSycc6edx7LMvVpR9oA2
0552-KZSFU,0552-KZSFU,2023-08-31,20,0,Maison St-Columba,ayCSycc6edx7LMvVpR9oA2
0553-MTWLO,0553-MTWLO,2023-08-31,20,0,Maison St-Columba,ayCSycc6edx7LMvVpR9oA2
0554-WHMGM,0554-WHMGM,2023-08-31,20,0,Maison St-Columba,ayCSycc6edx7LMvVpR9oA2
0555-XMCGZ,0555-XMCGZ,2023-08-31,20,0,Maison St-Columba,ayCSycc6edx7LMvVpR9oA2
0556-AVGKK,0556-AVGKK,2023-08-31,20,0,Maison St-Columba,ayCSycc6edx7LMvVpR9oA2
0557-AWMYI,0557-AWMYI,2023-08-31,20,0,Maison St-Columba,ayCSycc6edx7LMvVpR9oA2
0558-PGVFZ,0558-PGVFZ,2023-08-31,20,0,Maison St-Columba,ayCSycc6edx7LMvVpR9oA2
0559-YAOWH,0559-YAOWH,2023-08-31,20,0,Maison St-Columba,ayCSycc6edx7LMvVpR9oA2
0560-DCEDR,0560-DCEDR,2023-08-31,20,0,Maison St-Columba,ayCSycc6edx7LMvVpR9oA2
0561-TZRTH,0561-TZRTH,2023-08-31,20,0,Maison St-Columba,ayCSycc6edx7LMvVpR9oA2
0562-HMGAS,0562-HMGAS,2023-08-31,20,0,Maison St-Columba,ayCSycc6edx7LMvVpR9oA2
0563-TBUBU,0563-TBUBU,2023-08-31,20,0,Maison St-Columba,ayCSycc6edx7LMvVpR9oA2
0564-DDTNT,0564-DDTNT,2023-08-31,20,0,Maison St-Columba,ayCSycc6edx7LMvVpR9oA2
0565-ZAAJH,0565-ZAAJH,2023-08-31,20,0,Maison St-Columba,ayCSycc6edx7LMvVpR9oA2
0566-ORYCB,0566-ORYCB,2023-08-31,20,0,Maison St-Columba,ayCSycc6edx7LMvVpR9oA2
0567-NEJWM,0567-NEJWM,2023-08-31,20,0,Maison St-Columba,ayCSycc6edx7LMvVpR9oA2
0568-LPPGA,0568-LPPGA,2023-08-31,20,0,Maison St-Columba,ayCSycc6edx7LMvVpR9oA2
0569-SFOVE,0569-SFOVE,2023-08-31,20,0,Maison St-Columba,ayCSycc6edx7LMvVpR9oA2
0570-UGDEI,0570-UGDEI,2023-08-31,20,0,Maison St-Columba,ayCSycc6edx7LMvVpR9oA2
0571-JHMEH,0571-JHMEH,2023-08-31,20,0,Projet suivi communautaire,N8hhbRpmoTjSRHzNadkwUC
0572-VBMLL,0572-VBMLL,2023-08-31,20,0,Projet suivi communautaire,N8hhbRpmoTjSRHzNadkwUC
0573-MVRCJ,0573-MVRCJ,2023-08-31,20,0,Projet suivi communautaire,N8hhbRpmoTjSRHzNadkwUC
0574-HQOVG,0574-HQOVG,2023-08-31,20,0,Projet suivi communautaire,N8hhbRpmoTjSRHzNadkwUC
0575-PYBEU,0575-PYBEU,2023-08-31,20,0,Projet suivi communautaire,N8hhbRpmoTjSRHzNadkwUC
0576-CUHFM,0576-CUHFM,2023-08-31,20,0,Projet suivi communautaire,N8hhbRpmoTjSRHzNadkwUC
0577-LCYEL,0577-LCYEL,2023-08-31,20,0,Projet suivi communautaire,N8hhbRpmoTjSRHzNadkwUC
0578-VQNJS,0578-VQNJS,2023-08-31,20,0,Projet suivi communautaire,N8hhbRpmoTjSRHzNadkwUC
0579-QSOMZ,0579-QSOMZ,2023-08-31,20,0,Projet suivi communautaire,N8hhbRpmoTjSRHzNadkwUC
0580-QMNXX,0580-QMNXX,2023-08-31,20,0,Projet suivi communautaire,N8hhbRpmoTjSRHzNadkwUC
0581-ADMEA,0581-ADMEA,2023-08-31,20,0,Projet suivi communautaire,N8hhbRpmoTjSRHzNadkwUC
0582-PEHZW,0582-PEHZW,2023-08-31,20,0,Projet suivi communautaire,N8hhbRpmoTjSRHzNadkwUC
0583-JDNSR,0583-JDNSR,2023-08-31,20,0,Projet suivi communautaire,N8hhbRpmoTjSRHzNadkwUC
0584-DSVHW,0584-DSVHW,2023-08-31,20,0,Projet suivi communautaire,N8hhbRpmoTjSRHzNadkwUC
0585-PMDSB,0585-PMDSB,2023-08-31,20,0,Projet suivi communautaire,N8hhbRpmoTjSRHzNadkwUC
0586-KLWIE,0586-KLWIE,2023-08-31,20,0,Projet suivi communautaire,N8hhbRpmoTjSRHzNadkwUC
0587-MEHLJ,0587-MEHLJ,2023-08-31,20,0,CPAS,NSBKrpfE6zkrFdpE9J9fTF
0588-BKKEF,0588-BKKEF,2023-08-31,20,0,CPAS,NSBKrpfE6zkrFdpE9J9fTF
0589-JMNAP,0589-JMNAP,2023-08-31,20,0,CPAS,NSBKrpfE6zkrFdpE9J9fTF
0590-FDNRE,0590-FDNRE,2023-08-31,20,0,CPAS,NSBKrpfE6zkrFdpE9J9fTF
0591-KIAKY,0591-KIAKY,2023-08-31,20,0,CPAS,NSBKrpfE6zkrFdpE9J9fTF
0592-UNVIT,0592-UNVIT,2023-08-31,20,0,CPAS,NSBKrpfE6zkrFdpE9J9fTF
0593-TLANC,0593-TLANC,2023-08-31,20,0,CPAS,NSBKrpfE6zkrFdpE9J9fTF
0594-VMXHV,0594-VMXHV,2023-08-31,20,0,CPAS,NSBKrpfE6zkrFdpE9J9fTF
0595-BFSPJ,0595-BFSPJ,2023-08-31,20,0,CPAS,NSBKrpfE6zkrFdpE9J9fTF
0596-UYJKB,0596-UYJKB,2023-08-31,20,0,CPAS,NSBKrpfE6zkrFdpE9J9fTF
0597-ZJFJK,0597-ZJFJK,2023-08-31,20,0,CPAS,NSBKrpfE6zkrFdpE9J9fTF
0598-MRNJS,0598-MRNJS,2023-08-31,20,0,CPAS,NSBKrpfE6zkrFdpE9J9fTF
0599-OZNHT,0599-OZNHT,2023-08-31,20,0,CPAS,NSBKrpfE6zkrFdpE9J9fTF
0600-ZIJCJ,0600-ZIJCJ,2023-08-31,20,0,CPAS,NSBKrpfE6zkrFdpE9J9fTF
0601-JNCEN,0601-JNCEN,2023-08-31,20,0,CPAS,NSBKrpfE6zkrFdpE9J9fTF
0602-MFOXA,0602-MFOXA,2023-08-31,20,0,IMF,JzvgZtLXWehfUGv9i6qx2f
0603-LMGHW,0603-LMGHW,2023-08-31,20,0,IMF,JzvgZtLXWehfUGv9i6qx2f
0604-JUGOV,0604-JUGOV,2023-08-31,20,0,IMF,JzvgZtLXWehfUGv9i6qx2f
0605-KXTPI,0605-KXTPI,2023-08-31,20,0,IMF,JzvgZtLXWehfUGv9i6qx2f
0606-PFKVL,0606-PFKVL,2023-08-31,20,0,IMF,JzvgZtLXWehfUGv9i6qx2f
0607-BVTWZ,0607-BVTWZ,2023-08-31,20,0,IMF,JzvgZtLXWehfUGv9i6qx2f
0608-CGPMW,0608-CGPMW,2023-08-31,20,0,IMF,JzvgZtLXWehfUGv9i6qx2f
0609-TDPKM,0609-TDPKM,2023-08-31,20,0,IMF,JzvgZtLXWehfUGv9i6qx2f
0610-DGNAC,0610-DGNAC,2023-08-31,20,0,IMF,JzvgZtLXWehfUGv9i6qx2f
0611-KUQOU,0611-KUQOU,2023-08-31,20,0,IMF,JzvgZtLXWehfUGv9i6qx2f
0612-YZLWE,0612-YZLWE,2023-08-31,20,0,Projet Alexandra et ruche d'art,XGeb4uWJeQ8yJykSyXf4P3
0613-LQXLC,0613-LQXLC,2023-08-31,20,0,Projet Alexandra et ruche d'art,XGeb4uWJeQ8yJykSyXf4P3
0614-DSVLQ,0614-DSVLQ,2023-08-31,20,0,Projet Alexandra et ruche d'art,XGeb4uWJeQ8yJykSyXf4P3
0615-EFWQG,0615-EFWQG,2023-08-31,20,0,Projet Alexandra et ruche d'art,XGeb4uWJeQ8yJykSyXf4P3
0616-MAKRB,0616-MAKRB,2023-08-31,20,0,Projet Alexandra et ruche d'art,XGeb4uWJeQ8yJykSyXf4P3
0617-CCGKN,0617-CCGKN,2023-08-31,20,0,Projet Alexandra et ruche d'art,XGeb4uWJeQ8yJykSyXf4P3
0618-FVZPV,0618-FVZPV,2023-08-31,20,0,Projet Alexandra et ruche d'art,XGeb4uWJeQ8yJykSyXf4P3
0619-ATBQI,0619-ATBQI,2023-08-31,20,0,Projet Alexandra et ruche d'art,XGeb4uWJeQ8yJykSyXf4P3
0620-RIIIL,0620-RIIIL,2023-08-31,20,0,Projet Alexandra et ruche d'art,XGeb4uWJeQ8yJykSyXf4P3
0621-BVEFW,0621-BVEFW,2023-08-31,20,0,Projet Alexandra et ruche d'art,XGeb4uWJeQ8yJykSyXf4P3
0622-MRPRN,0622-MRPRN,2023-08-31,20,0,Projet Alexandra et ruche d'art,XGeb4uWJeQ8yJykSyXf4P3
0623-GKKWH,0623-GKKWH,2023-08-31,20,0,Projet Alexandra et ruche d'art,XGeb4uWJeQ8yJykSyXf4P3
0624-OYQLF,0624-OYQLF,2023-08-31,20,0,Projet Alexandra et ruche d'art,XGeb4uWJeQ8yJykSyXf4P3
0625-RTOGE,0625-RTOGE,2023-08-31,20,0,Projet Alexandra et ruche d'art,XGeb4uWJeQ8yJykSyXf4P3
0626-PCBOV,0626-PCBOV,2023-08-31,20,0,Projet Alexandra et ruche d'art,XGeb4uWJeQ8yJykSyXf4P3
0627-PTYTK,0627-PTYTK,2023-08-31,20,0,Projet Alexandra et ruche d'art,XGeb4uWJeQ8yJykSyXf4P3
0628-WXMZJ,0628-WXMZJ,2023-08-31,20,0,Projet Alexandra et ruche d'art,XGeb4uWJeQ8yJykSyXf4P3
0629-OXWLT,0629-OXWLT,2023-08-31,20,0,Projet Alexandra et ruche d'art,XGeb4uWJeQ8yJykSyXf4P3
0630-NGJLX,0630-NGJLX,2023-08-31,20,0,Projet Alexandra et ruche d'art,XGeb4uWJeQ8yJykSyXf4P3
0631-NDCOZ,0631-NDCOZ,2023-08-31,20,0,Projet Alexandra et ruche d'art,XGeb4uWJeQ8yJykSyXf4P3
0632-ECVWR,0632-ECVWR,2023-08-31,20,0,Projet Alexandra et ruche d'art,XGeb4uWJeQ8yJykSyXf4P3
0633-PCHSX,0633-PCHSX,2023-08-31,20,0,Projet Alexandra et ruche d'art,XGeb4uWJeQ8yJykSyXf4P3
0634-MIUFM,0634-MIUFM,2023-08-31,20,0,Projet Alexandra et ruche d'art,XGeb4uWJeQ8yJykSyXf4P3
0635-YBDXG,0635-YBDXG,2023-08-31,20,0,Projet Alexandra et ruche d'art,XGeb4uWJeQ8yJykSyXf4P3
0636-VGJNW,0636-VGJNW,2023-08-31,20,0,Projet Alexandra et ruche d'art,XGeb4uWJeQ8yJykSyXf4P3
0637-VWRLI,0637-VWRLI,2023-08-31,20,0,Maison 13 (maison de chambre),CDuma523stMswKNmRG87Kr
0638-XTHZL,0638-XTHZL,2023-08-31,20,0,Maison 13 (maison de chambre),CDuma523stMswKNmRG87Kr
0639-UEUOQ,0639-UEUOQ,2023-08-31,20,0,Maison 13 (maison de chambre),CDuma523stMswKNmRG87Kr
0640-KZWKJ,0640-KZWKJ,2023-08-31,20,0,Maison 13 (maison de chambre),CDuma523stMswKNmRG87Kr
0641-CYUVW,0641-CYUVW,2023-08-31,20,0,Maison 13 (maison de chambre),CDuma523stMswKNmRG87Kr
0642-WCQWF,0642-WCQWF,2023-08-31,20,0,Maison 13 (maison de chambre),CDuma523stMswKNmRG87Kr
0643-RIPUY,0643-RIPUY,2023-08-31,20,0,Maison 13 (maison de chambre),CDuma523stMswKNmRG87Kr
0644-NEKXU,0644-NEKXU,2023-08-31,20,0,Maison 13 (maison de chambre),CDuma523stMswKNmRG87Kr
0645-VHNAZ,0645-VHNAZ,2023-08-31,20,0,Maison 13 (maison de chambre),CDuma523stMswKNmRG87Kr
0646-LMWPC,0646-LMWPC,2023-08-31,20,0,Maison 13 (maison de chambre),CDuma523stMswKNmRG87Kr
0647-HBPDP,0647-HBPDP,2023-08-31,20,0,Maison 13 (maison de chambre),CDuma523stMswKNmRG87Kr
0648-FHUSU,0648-FHUSU,2023-08-31,20,0,Maison 13 (maison de chambre),CDuma523stMswKNmRG87Kr
0649-CGGYW,0649-CGGYW,2023-08-31,20,0,Maison 13 (maison de chambre),CDuma523stMswKNmRG87Kr
0650-FLMDG,0650-FLMDG,2023-08-31,20,0,Maison 13 (maison de chambre),CDuma523stMswKNmRG87Kr
0651-ZGCYE,0651-ZGCYE,2023-08-31,20,0,Maison 13 (maison de chambre),CDuma523stMswKNmRG87Kr
0652-FTDAL,0652-FTDAL,2023-08-31,20,0,Maison 13 (maison de chambre),CDuma523stMswKNmRG87Kr
0653-VUTWI,0653-VUTWI,2023-08-31,20,0,Maison 13 (maison de chambre),CDuma523stMswKNmRG87Kr
0654-LLCAF,0654-LLCAF,2023-08-31,20,0,Maison 13 (maison de chambre),CDuma523stMswKNmRG87Kr
0655-PCHUH,0655-PCHUH,2023-08-31,20,0,Maison 13 (maison de chambre),CDuma523stMswKNmRG87Kr
0656-GJJAW,0656-GJJAW,2023-08-31,20,0,Maison 13 (maison de chambre),CDuma523stMswKNmRG87Kr
0657-EAXWJ,0657-EAXWJ,2023-08-31,20,0,Clinique comm. de PSC,8ywoSjbtUPwixh5k8xBxhT
0658-ORHSO,0658-ORHSO,2023-08-31,20,0,Clinique comm. de PSC,8ywoSjbtUPwixh5k8xBxhT
0659-LLMTO,0659-LLMTO,2023-08-31,20,0,Clinique comm. de PSC,8ywoSjbtUPwixh5k8xBxhT
0660-NHYZA,0660-NHYZA,2023-08-31,20,0,Clinique comm. de PSC,8ywoSjbtUPwixh5k8xBxhT
0661-AYRVB,0661-AYRVB,2023-08-31,20,0,Clinique comm. de PSC,8ywoSjbtUPwixh5k8xBxhT
0662-AGTOM,0662-AGTOM,2023-08-31,20,0,Clinique comm. de PSC,8ywoSjbtUPwixh5k8xBxhT
0663-PZKKJ,0663-PZKKJ,2023-08-31,20,0,Clinique comm. de PSC,8ywoSjbtUPwixh5k8xBxhT
0664-VSESC,0664-VSESC,2023-08-31,20,0,Clinique comm. de PSC,8ywoSjbtUPwixh5k8xBxhT
0665-IHDJN,0665-IHDJN,2023-08-31,20,0,Clinique comm. de PSC,8ywoSjbtUPwixh5k8xBxhT
0666-RJFMI,0666-RJFMI,2023-08-31,20,0,Clinique comm. de PSC,8ywoSjbtUPwixh5k8xBxhT
0667-QUSAT,0667-QUSAT,2023-08-31,20,0,Clinique comm. de PSC,8ywoSjbtUPwixh5k8xBxhT
0668-NARWH,0668-NARWH,2023-08-31,20,0,Clinique comm. de PSC,8ywoSjbtUPwixh5k8xBxhT
0669-NPJEN,0669-NPJEN,2023-08-31,20,0,Clinique comm. de PSC,8ywoSjbtUPwixh5k8xBxhT
0670-JXMHA,0670-JXMHA,2023-08-31,20,0,Clinique comm. de PSC,8ywoSjbtUPwixh5k8xBxhT
0671-VCQHJ,0671-VCQHJ,2023-08-31,20,0,Clinique comm. de PSC,8ywoSjbtUPwixh5k8xBxhT
0672-JPVWG,0672-JPVWG,2023-08-31,25,0,YMCA,P7hUePnwFgJTd4k8cgtHje
0673-FYYKG,0673-FYYKG,2023-08-31,25,0,YMCA,P7hUePnwFgJTd4k8cgtHje
0674-YIBDB,0674-YIBDB,2023-08-31,25,0,YMCA,P7hUePnwFgJTd4k8cgtHje
0675-RTQFM,0675-RTQFM,2023-08-31,25,0,YMCA,P7hUePnwFgJTd4k8cgtHje
0676-KTGZD,0676-KTGZD,2023-08-31,25,0,YMCA,P7hUePnwFgJTd4k8cgtHje
0677-VQPIB,0677-VQPIB,2023-08-31,25,0,YMCA,P7hUePnwFgJTd4k8cgtHje
0678-RCHSE,0678-RCHSE,2023-08-31,25,0,YMCA,P7hUePnwFgJTd4k8cgtHje
0679-APXXO,0679-APXXO,2023-08-31,25,0,YMCA,P7hUePnwFgJTd4k8cgtHje
0680-GBPJO,0680-GBPJO,2023-08-31,25,0,YMCA,P7hUePnwFgJTd4k8cgtHje
0681-SRJVS,0681-SRJVS,2023-08-31,25,0,YMCA,P7hUePnwFgJTd4k8cgtHje
0682-UGNMY,0682-UGNMY,2023-08-31,25,0,YMCA,P7hUePnwFgJTd4k8cgtHje
0683-DPAGN,0683-DPAGN,2023-08-31,25,0,YMCA,P7hUePnwFgJTd4k8cgtHje
0684-ZQCFX,0684-ZQCFX,2023-08-31,25,0,YMCA,P7hUePnwFgJTd4k8cgtHje
0685-UBOAQ,0685-UBOAQ,2023-08-31,25,0,YMCA,P7hUePnwFgJTd4k8cgtHje
0686-LSZJX,0686-LSZJX,2023-08-31,25,0,YMCA,P7hUePnwFgJTd4k8cgtHje
0687-YLEUS,0687-YLEUS,2023-08-31,25,0,YMCA,P7hUePnwFgJTd4k8cgtHje
0688-JZGUI,0688-JZGUI,2023-08-31,25,0,YMCA,P7hUePnwFgJTd4k8cgtHje
0689-HFIDS,0689-HFIDS,2023-08-31,25,0,YMCA,P7hUePnwFgJTd4k8cgtHje
0690-EZAJN,0690-EZAJN,2023-08-31,25,0,YMCA,P7hUePnwFgJTd4k8cgtHje
0691-WUNFS,0691-WUNFS,2023-08-31,25,0,YMCA,P7hUePnwFgJTd4k8cgtHje
0692-VNCXP,0692-VNCXP,2023-08-31,25,0,YMCA,P7hUePnwFgJTd4k8cgtHje
0693-ZAQBR,0693-ZAQBR,2023-08-31,25,0,YMCA,P7hUePnwFgJTd4k8cgtHje
0694-QIGNL,0694-QIGNL,2023-08-31,25,0,YMCA,P7hUePnwFgJTd4k8cgtHje
